{
    "[illustration]": 45.747713916956386,
    "achilles": 550.3588613645966,
    "alice": 227.35227522366205,
    "amy": 1131.2161986738306,
    "bennet": 569.766982420275,
    "beth": 810.9822012551359,
    "bingley": 488.6687622947614,
    "bloom": 869.0147181683894,
    "civill": 673.7390595042668,
    "common-wealth": 867.1271228804915,
    "darcy": 711.1690072545039,
    "dedalus": 332.71064666877373,
    "don\u2019t": 351.42562054389225,
    "duchess": 35.350506208557206,
    "elizabeth": 1201.917211090945,
    "glaucon": 262.0096342516593,
    "heat-ray": 68.62157087543459,
    "hector": 744.4400719213812,
    "j": 361.8228282522914,
    "jane": 521.9398269616388,
    "jo": 2470.3765515156447,
    "jove": 467.18119969740314,
    "kingdome": 588.4819562953935,
    "laurie": 1087.547926298554,
    "martian": 160.11699870934734,
    "martians": 322.3134389603745,
    "meg": 1272.6182235080594,
    "mouse": 47.82715545863622,
    "o'er": 750.6783965464207,
    "onely": 856.7299151720923,
    "pit": 109.51725452847136,
    "plato": 222.50024495974245,
    "rabbit": 41.58883083359672,
    "republic": 220.42080341806258,
    "socrates": 245.37410191822062,
    "soveraign": 1023.0852385064792,
    "stephen": 996.0524984646413,
    "thy": 644.6268779207492,
    "woking": 103.97207708399179,
    "yes": 317.46140869645495
}